uniqueID,drugName,condition,review,rating,date,usefulCount,review_cleaned,sentiment_simple,security_alert,drug_name_grouped
206461,Valsartan,Left Ventricular Dysfunction,"""It has no side effect, I take it in combination of Bystolic 5 Mg and Fish Oil""",9,2012-05-20,27,it has no side effect i take it in combination of bystolic 5 mg and fish oil,Positive,0,Valsartan
95260,Guanfacine,ADHD,"""My son is halfway through his fourth week of Intuniv. We became concerned when he began this last week, when he started taking the highest dose he will be on. For two days, he could hardly get out of bed, was very cranky, and slept for nearly 8 hours on a drive home from school vacation (very unusual for him.) I called his doctor on Monday morning and she said to stick it out a few days. See how he did at school, and with getting up in the morning. The last two days have been problem free. He is MUCH more agreeable than ever. He is less emotional (a good thing), less cranky. He is remembering all the things he should. Overall his behavior is better. 
We have tried many different medications and so far this is the most effective.""",8,2010-04-27,192,my son is halfway through his fourth week of intuniv we became concerned when he began this last week when he started taking the highest dose he will be on for two days he could hardly get out of bed was very cranky and slept for nearly 8 hours on a drive home from school vacation very unusual for him i called his doctor on monday morning and she said to stick it out a few days see how he did at school and with getting up in the morning the last two days have been problem free he is much more agreeable than ever he is less emotional a good thing less cranky he is remembering all the things he should overall his behavior is better we have tried many different medications and so far this is the most effective,Positive,0,Guanfacine
92703,Lybrel,Birth Control,"""I used to take another oral contraceptive, which had 21 pill cycle, and was very happy- very light periods, max 5 days, no other side effects. But it contained hormone gestodene, which is not available in US, so I switched to Lybrel, because the ingredients are similar. When my other pills ended, I started Lybrel immediately, on my first day of period, as the instructions said. And the period lasted for two weeks. When taking the second pack- same two weeks. And now, with third pack things got even worse- my third period lasted for two weeks and now it&#039;s the end of the third week- I still have daily brown discharge.
The positive side is that I didn&#039;t have any other side effects. The idea of being period free was so tempting... Alas.""",5,2009-12-14,17,i used to take another oral contraceptive which had 21 pill cycle and was very happy very light periods max 5 days no other side effects but it contained hormone gestodene which is not available in us so i switched to lybrel because the ingredients are similar when my other pills ended i started lybrel immediately on my first day of period as the instructions said and the period lasted for two weeks when taking the second pack same two weeks and now with third pack things got even worse my third period lasted for two weeks and now it s the end of the third week i still have daily brown discharge the positive side is that i didn t have any other side effects the idea of being period free was so tempting alas,Neutral,0,Lybrel
138000,Ortho Evra,Birth Control,"""This is my first time using any form of birth control. I&#039;m glad I went with the patch, I have been on it for 8 months. At first It decreased my libido but that subsided. The only downside is that it made my periods longer (5-6 days to be exact) I used to only have periods for 3-4 days max also made my cramps intense for the first two days of my period, I never had cramps before using birth control. Other than that in happy with the patch""",8,2015-11-03,10,this is my first time using any form of birth control i m glad i went with the patch i have been on it for 8 months at first it decreased my libido but that subsided the only downside is that it made my periods longer 5 6 days to be exact i used to only have periods for 3 4 days max also made my cramps intense for the first two days of my period i never had cramps before using birth control other than that in happy with the patch,Positive,0,Ortho Evra
35696,Buprenorphine / naloxone,Opiate Dependence,"""Suboxone has completely turned my life around.  I feel healthier, I&#039;m excelling at my job and I always have money in my pocket and my savings account.  I had none of those before Suboxone and spent years abusing oxycontin.  My paycheck was already spent by the time I got it and I started resorting to scheming and stealing to fund my addiction.  All that is history.  If you&#039;re ready to stop, there&#039;s a good chance that suboxone will put you on the path of great life again.  I have found the side-effects to be minimal compared to oxycontin.  I&#039;m actually sleeping better.   Slight constipation is about it for me.  It truly is amazing. The cost pales in comparison to what I spent on oxycontin.""",9,2016-11-27,37,suboxone has completely turned my life around i feel healthier i m excelling at my job and i always have money in my pocket and my savings account i had none of those before suboxone and spent years abusing oxycontin my paycheck was already spent by the time i got it and i started resorting to scheming and stealing to fund my addiction all that is history if you re ready to stop there s a good chance that suboxone will put you on the path of great life again i have found the side effects to be minimal compared to oxycontin i m actually sleeping better slight constipation is about it for me it truly is amazing the cost pales in comparison to what i spent on oxycontin,Positive,0,Buprenorphine / naloxone
155963,Cialis,Benign Prostatic Hyperplasia,"""2nd day on 5mg started to work with rock hard erections however experianced headache, lower bowel preassure. 3rd day erections would wake me up &amp; hurt! Leg/ankles aches   severe lower bowel preassure like you need to go #2 but can&#039;t! Enjoyed the initial rockhard erections but not at these side effects or $230 for months supply! I&#039;m 50 &amp; work out 3Xs a week. Not worth side effects!""",2,2015-11-28,43,2nd day on 5mg started to work with rock hard erections however experianced headache lower bowel preassure 3rd day erections would wake me up hurt leg ankles aches severe lower bowel preassure like you need to go 2 but can t enjoyed the initial rockhard erections but not at these side effects or 230 for months supply i m 50 work out 3xs a week not worth side effects,Negative,0,Cialis
165907,Levonorgestrel,Emergency Contraception,"""He pulled out, but he cummed a bit in me. I took the Plan B 26 hours later, and took a pregnancy test two weeks later - - I&#039;m pregnant.""",1,2017-03-07,5,he pulled out but he cummed a bit in me i took the plan b 26 hours later and took a pregnancy test two weeks later i m pregnant,Negative,0,Levonorgestrel
102654,Aripiprazole,Bipolar Disorde,"""Abilify changed my life. There is hope. I was on Zoloft and Clonidine when I first started Abilify at the age of 15.. Zoloft for depression and Clondine to manage my complete rage. My moods were out of control. I was depressed and hopeless one second and then mean, irrational, and full of rage the next. My Dr. prescribed me 2mg of Abilify and from that point on I feel like I have been cured though I know I&#039;m not.. Bi-polar disorder is a constant battle. I know Abilify works for me because I have tried to get off it and lost complete control over my emotions. Went back on it and I was golden again.  I am on 5mg 2x daily. I am now 21 and better than I have ever been in the past. Only side effect is I like to eat a lot.""",10,2015-03-14,32,abilify changed my life there is hope i was on zoloft and clonidine when i first started abilify at the age of 15 zoloft for depression and clondine to manage my complete rage my moods were out of control i was depressed and hopeless one second and then mean irrational and full of rage the next my dr prescribed me 2mg of abilify and from that point on i feel like i have been cured though i know i m not bi polar disorder is a constant battle i know abilify works for me because i have tried to get off it and lost complete control over my emotions went back on it and i was golden again i am on 5mg 2x daily i am now 21 and better than i have ever been in the past only side effect is i like to eat a lot,Positive,0,Aripiprazole
74811,Keppra,Epilepsy,""" I Ve had  nothing but problems with the Keppera : constant shaking in my arms &amp; legs &amp; pins &amp; needles feeling in my arms &amp; legs severe light headedness no appetite &amp; etc.""",1,2016-08-09,11,i ve had nothing but problems with the keppera constant shaking in my arms legs pins needles feeling in my arms legs severe light headedness no appetite etc,Negative,0,Keppra
48928,Ethinyl estradiol / levonorgestrel,Birth Control,"""I had been on the pill for many years. When my doctor changed my RX to chateal, it was as effective. It really did help me by completely clearing my acne, this takes about 6 months though. I did not gain extra weight, or develop any emotional health issues. I stopped taking it bc I started using a more natural method of birth control, but started to take it bc I hate that my acne came back at age 28. I really hope symptoms like depression, or weight gain do not begin to affect me as I am older now. I&#039;m also naturally moody, so this may worsen things. I was in a negative mental rut today. Also I hope this doesn&#039;t push me over the edge, as I believe I am depressed. Hopefully it&#039;ll be just like when I was younger.""",8,2016-12-08,1,i had been on the pill for many years when my doctor changed my rx to chateal it was as effective it really did help me by completely clearing my acne this takes about 6 months though i did not gain extra weight or develop any emotional health issues i stopped taking it bc i started using a more natural method of birth control but started to take it bc i hate that my acne came back at age 28 i really hope symptoms like depression or weight gain do not begin to affect me as i am older now i m also naturally moody so this may worsen things i was in a negative mental rut today also i hope this doesn t push me over the edge as i believe i am depressed hopefully it ll be just like when i was younger,Positive,0,Ethinyl estradiol / levonorgestrel
29607,Topiramate,Migraine Prevention,"""I have been on this medication almost two weeks, started out on 25mg and working my way up to 100mg, currently at 50mg. No headaches at all so far and I was having 2-3 crippling migraines a week. I have lost 5.2lbs so far but note I am really paying close attention to what I am eating, I have a lot of weight to lose and if weight loss is a side effect I want to help it along as much as I can.  Now, other side effects, they are there the word recall issues exist, the memory issues, the worst of it seems to be the vision disturbances, there have been times I have just not driven because I&#039;m sure it would not have been safe. The good news is it seems to be wearing off...I have tons of energy and I am in a great mood.""",9,2015-01-01,19,i have been on this medication almost two weeks started out on 25mg and working my way up to 100mg currently at 50mg no headaches at all so far and i was having 2 3 crippling migraines a week i have lost 5 2lbs so far but note i am really paying close attention to what i am eating i have a lot of weight to lose and if weight loss is a side effect i want to help it along as much as i can now other side effects they are there the word recall issues exist the memory issues the worst of it seems to be the vision disturbances there have been times i have just not driven because i m sure it would not have been safe the good news is it seems to be wearing off i have tons of energy and i am in a great mood,Positive,0,Topiramate
75612,L-methylfolate,Depression,"""I have taken anti-depressants for years, with some improvement but mostly moderate to severe side affects, which makes me go off them.

I only take Cymbalta now mostly for pain.

When I began Deplin, I noticed a major improvement overnight. More energy, better disposition, and no sinking to the low lows of major depression. I have been taking it for about 3 months now and feel like a normal person for the first time ever. Best thing, no side effects.""",10,2017-03-09,54,i have taken anti depressants for years with some improvement but mostly moderate to severe side affects which makes me go off them i only take cymbalta now mostly for pain when i began deplin i noticed a major improvement overnight more energy better disposition and no sinking to the low lows of major depression i have been taking it for about 3 months now and feel like a normal person for the first time ever best thing no side effects,Positive,0,L-methylfolate
191290,Pentasa,Crohn's Disease,"""I had Crohn&#039;s with a resection 30 years ago and have been mostly in remission since.  Have recently had a bad flare and narrowing at the anastomosis and need to be on medication, but haven&#039;t found one that I can handle.  Asacol gave me such serious body aching and fatigue that I could not function.  Pentasa immediately gave me heart palpitations and arrhythmias so I had to discontinue it.""",4,2013-07-06,8,i had crohn s with a resection 30 years ago and have been mostly in remission since have recently had a bad flare and narrowing at the anastomosis and need to be on medication but haven t found one that i can handle asacol gave me such serious body aching and fatigue that i could not function pentasa immediately gave me heart palpitations and arrhythmias so i had to discontinue it,Neutral,0,Pentasa
221320,Dextromethorphan,Cough,"""Have a little bit of a lingering cough from a cold. Not giving me much trouble except keeps me up at night. I heard this was good so I took so I could get some sleep. Helped tremendously with the cough but then I was having bad stomach cramps and diarrhea. I hadn&#039;t eaten anything that should have upset my stomach and it didn&#039;t really feel like a &quot;bug&quot; so I looked up side effects for Delsym.  Now I wish I had done that first because I probably wouldn&#039;t have taken it. So, while it worked for my cough I still didn&#039;t get any sleep due to the stomach issues.""",4,2017-09-07,1,have a little bit of a lingering cough from a cold not giving me much trouble except keeps me up at night i heard this was good so i took so i could get some sleep helped tremendously with the cough but then i was having bad stomach cramps and diarrhea i hadn t eaten anything that should have upset my stomach and it didn t really feel like a quot bug quot so i looked up side effects for delsym now i wish i had done that first because i probably wouldn t have taken it so while it worked for my cough i still didn t get any sleep due to the stomach issues,Neutral,0,Dextromethorphan
98494,Nexplanon,Birth Control,"""Started Nexplanon 2 months ago because I have a minimal amount of contraception&#039;s I can take due to my inability to take the hormone that is used in most birth controls. I&#039;m trying to give it time because it is one of my only options right now. But honestly if I had options I&#039;d get it removed.
I&#039;ve never had acne problems in my life, and immediately broke out after getting it implanted. Sex drive is completely gone, and I used to have sex with my boyfriend a few days a week, now its completely forced and not even fun for me anymore. I mean I&#039;m on birth control because I like having sex but don&#039;t want to get pregnant, why take a birth control that takes away sex? Very unhappy and hope that I get it back with time or I&#039;m getting it removed.""",3,2014-08-07,10,started nexplanon 2 months ago because i have a minimal amount of contraception s i can take due to my inability to take the hormone that is used in most birth controls i m trying to give it time because it is one of my only options right now but honestly if i had options i d get it removed i ve never had acne problems in my life and immediately broke out after getting it implanted sex drive is completely gone and i used to have sex with my boyfriend a few days a week now its completely forced and not even fun for me anymore i mean i m on birth control because i like having sex but don t want to get pregnant why take a birth control that takes away sex very unhappy and hope that i get it back with time or i m getting it removed,Negative,0,Nexplanon
81890,Liraglutide,Obesity,"""I have been taking Saxenda since July 2016.  I had severe nausea for about a month once I got up to the 2.6 dosage.  It has since subsided and the only side effect I notice now is the dry mouth.  I make sure to drink  2.5 litres of water a day (about 10 glasses).  This helps with the weight loss as well as the constipation.  I have been reducing my dose to find a comfortable spot where I am still losing weight but don&#039;t feel like I am over medicating.  For me, 1.8 is working very well.  I also feel wearing a Fitbit has really helped.  I can track my food, water, exercise and steps - it keeps me moving more.  When this started I could barely walk the length of myself without getting winded - I have lost 58 lbs so far.""",9,2017-01-19,20,i have been taking saxenda since july 2016 i had severe nausea for about a month once i got up to the 2 6 dosage it has since subsided and the only side effect i notice now is the dry mouth i make sure to drink 2 5 litres of water a day about 10 glasses this helps with the weight loss as well as the constipation i have been reducing my dose to find a comfortable spot where i am still losing weight but don t feel like i am over medicating for me 1 8 is working very well i also feel wearing a fitbit has really helped i can track my food water exercise and steps it keeps me moving more when this started i could barely walk the length of myself without getting winded i have lost 58 lbs so far,Positive,0,Liraglutide
48188,Trimethoprim,Urinary Tract Infection,"""This drug worked very well for me and cleared up my UTI in a matter of 48hrs, although I was on a 7 day course of 2x200mg/daily. Unfortunately once the tablets finished the infection returned so needed a 2nd course. I&#039;m currently taking a low dose at evening to keep the infection at bay while the specialists do some tests.  I normally get every side effect going and dread taking new medication in any form especially after an horrific experience with Ciorofloxacin but the only side effect I experienced with this was itchy ankles and feet on day two but that didn&#039;t last into third day so I would class this as a minor side effect and insignificant. Good luck.""",9,2017-09-22,0,this drug worked very well for me and cleared up my uti in a matter of 48hrs although i was on a 7 day course of 2x200mg daily unfortunately once the tablets finished the infection returned so needed a 2nd course i m currently taking a low dose at evening to keep the infection at bay while the specialists do some tests i normally get every side effect going and dread taking new medication in any form especially after an horrific experience with ciorofloxacin but the only side effect i experienced with this was itchy ankles and feet on day two but that didn t last into third day so i would class this as a minor side effect and insignificant good luck,Positive,0,OTHER_NICHE_DRUGS
219869,Amitriptyline,ibromyalgia,"""I&#039;ve been taking amitriptyline since January 2013 after being diagnosed with fibromyalgia. I tried cymbalta for a week and my Dr decided that since it kept me awake 24/7 that it wasn&#039;t a good fit for me even though it relieved my pain. I started with 25 mg. After 2 weeks I had some breakthrough pain, so my Dr increased my dosage to 50mg and I&#039;m still on that dosage today. For the first full year I was on this I never had pain and felt &#039;cured&#039;. As time went on, it seems to help control my pain. I do still have pain, but at a low manageable level. I take this around 7pm each evening to avoid feeling overly drowsy in the mornings. This med allows me to have a fairly normal life.""",9,2017-03-15,39,i ve been taking amitriptyline since january 2013 after being diagnosed with fibromyalgia i tried cymbalta for a week and my dr decided that since it kept me awake 24 7 that it wasn t a good fit for me even though it relieved my pain i started with 25 mg after 2 weeks i had some breakthrough pain so my dr increased my dosage to 50mg and i m still on that dosage today for the first full year i was on this i never had pain and felt cured as time went on it seems to help control my pain i do still have pain but at a low manageable level i take this around 7pm each evening to avoid feeling overly drowsy in the mornings this med allows me to have a fairly normal life,Positive,0,Amitriptyline
212077,Lamotrigine,Bipolar Disorde,"""I&#039;ve been on every medicine under the sun (it seems) to manage the hypomania / mania of Bipolar2. Within a few days of starting Lamictal (was on Tegretol) it was as if someone had turned a light on in my head. Is this the way &quot;normal&quot; people think? was one of the first things that struck me. I sleep like a log, have no irritability, almost no anger (other than what would be considered normal). I am able to focus and my creative, impulsive thoughts have decreased enough to be manageable. It&#039;s a God send as I would perennially be in a state of hypo mania, which sounds great, but I was physically and emotionally exhausted. My libido is markedly lower but I wonder if that is perhaps an effect of not being hypo manic. I take 20 mg for anxiety.""",10,2014-11-09,18,i ve been on every medicine under the sun it seems to manage the hypomania mania of bipolar2 within a few days of starting lamictal was on tegretol it was as if someone had turned a light on in my head is this the way quot normal quot people think was one of the first things that struck me i sleep like a log have no irritability almost no anger other than what would be considered normal i am able to focus and my creative impulsive thoughts have decreased enough to be manageable it s a god send as i would perennially be in a state of hypo mania which sounds great but i was physically and emotionally exhausted my libido is markedly lower but i wonder if that is perhaps an effect of not being hypo manic i take 20 mg for anxiety,Positive,0,Lamotrigine
119705,Nilotinib,Chronic Myelogenous Leukemia,"""I have been on Tasigna for just over 3 years now (300mg x 2 times a day) Tasigna worked for me within a few weeks I have been in remission for basically the entire 3 years. As for the side effects, I feel sick to my stomach, tired,  severe leg and arm pain, I can&#039;t walk to long without needing a break, I went from working full time to not working at all because I am so tired all the time.... but hey I am in remission and alive so is all the above really a problem? Nope""",10,2015-09-01,11,i have been on tasigna for just over 3 years now 300mg x 2 times a day tasigna worked for me within a few weeks i have been in remission for basically the entire 3 years as for the side effects i feel sick to my stomach tired severe leg and arm pain i can t walk to long without needing a break i went from working full time to not working at all because i am so tired all the time but hey i am in remission and alive so is all the above really a problem nope,Positive,0,Nilotinib
12372,Atripla,HIV Infection,"""Spring of 2008 I was hospitalized with pnuemonia and diagnosed with Lyme diease and full blown AIDS with CD4 count of &quot;11&quot; viral load some number so high in the millions I could never remember. I was taking Combivir and Kaletra with Dapsone for the 1st year then it stopped working. I started Kaletra with the Dapsone my CD4 count is now 209 and rising. For a few weeks I was very aggressive and broke all my dishes in the house LOL. I take vitamin supplements and drink a boost pluz every day. LIfe is good now!""",8,2010-07-09,11,spring of 2008 i was hospitalized with pnuemonia and diagnosed with lyme diease and full blown aids with cd4 count of quot 11 quot viral load some number so high in the millions i could never remember i was taking combivir and kaletra with dapsone for the 1st year then it stopped working i started kaletra with the dapsone my cd4 count is now 209 and rising for a few weeks i was very aggressive and broke all my dishes in the house lol i take vitamin supplements and drink a boost pluz every day life is good now,Positive,1,Atripla
231466,Trazodone,Insomnia,"""I have insomnia, it&#039;s horrible. My story begins with my PCP prescribing me Prozac to help with intestinal issues, because I was desperate I tried it, I was on it for 3 weeks. Stopped because of insomnia. Then I was prescribed Ativan, it out me out, but was very addicting. I had rebound insomnia. Then after about 14 days I hardly any sleep l tried the doctor one more time. I asked him about Trazadone. He told me that was a good medication for insomnia. He put me on 25 mgs, but stated I may have to figure out what dosage is best for me. I am currently taking 100 mgs, which is on the low range of what is prescribed, 400 mgs being at the high end for insomnia. I have the dry mouth and nasel congestion. I can live with that, I sleep now, yeah...""",10,2016-04-03,43,i have insomnia it s horrible my story begins with my pcp prescribing me prozac to help with intestinal issues because i was desperate i tried it i was on it for 3 weeks stopped because of insomnia then i was prescribed ativan it out me out but was very addicting i had rebound insomnia then after about 14 days i hardly any sleep l tried the doctor one more time i asked him about trazadone he told me that was a good medication for insomnia he put me on 25 mgs but stated i may have to figure out what dosage is best for me i am currently taking 100 mgs which is on the low range of what is prescribed 400 mgs being at the high end for insomnia i have the dry mouth and nasel congestion i can live with that i sleep now yeah,Positive,0,Trazodone
227020,Etonogestrel,Birth Control,"""Nexplanon does its job. I can have worry free sex. The only thing is that my periods are sometimes light and sometimes heavy. Sometimes they go away and sometimes they show up unexpected. I also feel somewhat depressed. Not sure if its Nexplanon or not. I&#039;ve had Nexplanont for about 2 months now, but despite the side effects its the most effective birth control I&#039;ve ever used and I do not plan on taking it out.""",9,2014-08-11,11,nexplanon does its job i can have worry free sex the only thing is that my periods are sometimes light and sometimes heavy sometimes they go away and sometimes they show up unexpected i also feel somewhat depressed not sure if its nexplanon or not i ve had nexplanont for about 2 months now but despite the side effects its the most effective birth control i ve ever used and i do not plan on taking it out,Positive,0,Etonogestrel
41928,Etanercept,Rheumatoid Arthritis,"""I live in Western Australia and disturbed by some comments on here. The cost of Embrel is cost of an ordinary prescription $36 for me the government pays the remainder of the cost to the chemist. I also go to the the medical centre every Saturday morning a Dr looks over my prescription and then he advises the nurse to administer the injection also no cost to myself and this is part of nurses duties. I am unsure of the country where people who have made comments referring to cost and that nobody is there to  administer the injection for them. I am very lucky to live in Australia as we have the best health system worldwide and everybody is  given the opportunity to receive proper medical help whether you are rich or poor there is no discrimination.""",10,2017-09-16,4,i live in western australia and disturbed by some comments on here the cost of embrel is cost of an ordinary prescription 36 for me the government pays the remainder of the cost to the chemist i also go to the the medical centre every saturday morning a dr looks over my prescription and then he advises the nurse to administer the injection also no cost to myself and this is part of nurses duties i am unsure of the country where people who have made comments referring to cost and that nobody is there to administer the injection for them i am very lucky to live in australia as we have the best health system worldwide and everybody is given the opportunity to receive proper medical help whether you are rich or poor there is no discrimination,Positive,0,Etanercept
213649,Tioconazole,Vaginal Yeast Infection,"""Do not use the cream that comes with this. It turned my hoo-ha into a burning ring of fire. It is 1 am and I have to work tomorrow. It&#039;s going to be a sleepless night for me""",1,2017-04-17,7,do not use the cream that comes with this it turned my hoo ha into a burning ring of fire it is 1 am and i have to work tomorrow it s going to be a sleepless night for me,Negative,0,Tioconazole
51215,Azithromycin,Chlamydia Infection,"""Was prescribed one dose over the course of one day, took 4 pills of 250mg after a light lunch, and had nausea and mild stomach pains/upset. Lying down did not alleviate the discomfort and threw up 3 hours later. Called up my doctor to check if I needed to take another dose but he said my body would have absorbed the pills by then. Still experiencing mild stomach pains but nausea is mostly gone now.""",7,2015-12-14,7,was prescribed one dose over the course of one day took 4 pills of 250mg after a light lunch and had nausea and mild stomach pains upset lying down did not alleviate the discomfort and threw up 3 hours later called up my doctor to check if i needed to take another dose but he said my body would have absorbed the pills by then still experiencing mild stomach pains but nausea is mostly gone now,Positive,0,Azithromycin
206180,Eflornithine,Hirsutism,"""I&#039;m writing a second review on Vaniqa.  I started using this in February this year. Twice a day although some days/times I do forget. I just want to say how delighted I am to have found this. It has totally and completely changed my life! I had terrible male pattern hair growth all over my cheeks, chin, upper and lower lip and starting to grow down my neck. I used to pluck for up to 2 hrs a time every 3rd day but was never hair free. I wouldn&#039;t kiss anyone hello or goodbye as even plucked the stubble could be felt under my skin. 3 months on im not scared of being caught in bright sunlight I pluck around once a fortnight and it takes around 10 mins. The hairs that are coming through are soft and downy. My life is transformed.""",10,2014-05-11,99,i m writing a second review on vaniqa i started using this in february this year twice a day although some days times i do forget i just want to say how delighted i am to have found this it has totally and completely changed my life i had terrible male pattern hair growth all over my cheeks chin upper and lower lip and starting to grow down my neck i used to pluck for up to 2 hrs a time every 3rd day but was never hair free i wouldn t kiss anyone hello or goodbye as even plucked the stubble could be felt under my skin 3 months on im not scared of being caught in bright sunlight i pluck around once a fortnight and it takes around 10 mins the hairs that are coming through are soft and downy my life is transformed,Positive,0,Eflornithine
78563,Daytrana,ADHD,"""Hi all, My son who is 12 was diagnosed when he was in 2nd grade. We tried everything before medication. When we tried meds, the first one made him loose weight, fast. The second gave him a nasty tic that thankfully went away as soon as he stopped the med, the third worked for a couple of years and around January of last year we started to have problems so his doctor recommended Daytrana. It has been wonderful for my son! Easy to use, he handles this for himself each day and takes it off when he gets home from school. The patch effects last long enough for him to do his homework. He does have issues with weight gain and sleep but he uses melatonin before bed if he feels like he will not be able to shut down. The shortage is KILLING us!""",10,2017-01-12,11,hi all my son who is 12 was diagnosed when he was in 2nd grade we tried everything before medication when we tried meds the first one made him loose weight fast the second gave him a nasty tic that thankfully went away as soon as he stopped the med the third worked for a couple of years and around january of last year we started to have problems so his doctor recommended daytrana it has been wonderful for my son easy to use he handles this for himself each day and takes it off when he gets home from school the patch effects last long enough for him to do his homework he does have issues with weight gain and sleep but he uses melatonin before bed if he feels like he will not be able to shut down the shortage is killing us,Positive,0,Daytrana
132258,Ativan,Panic Disorde,"""Honestly, I have been taking ativan for 2 years now 1mg twice daily.  It does help but it should be used as a tool for panic attacks NOT A SOLUTION.  I have tried so many anti-depressants as well such as cymbalta, cipralex and a couple more.  The best thing is to talk to close friends and family or even a psychiatrist.  talking to people and venting is honestly the best thing you can do for yourself even though it takes a lot of will power to do it.  I would love to hear other people opinion.""",6,2015-06-01,47,honestly i have been taking ativan for 2 years now 1mg twice daily it does help but it should be used as a tool for panic attacks not a solution i have tried so many anti depressants as well such as cymbalta cipralex and a couple more the best thing is to talk to close friends and family or even a psychiatrist talking to people and venting is honestly the best thing you can do for yourself even though it takes a lot of will power to do it i would love to hear other people opinion,Neutral,0,Ativan
27339,Imitrex,Migraine,"""At first I suffered through them. This included splitting head pain, nausea, and vomiting. I started using Excedrin after a while which helped if I took it right away. Then that started to not work so well anymore. I had one really bad one that lasted hours. I was still throwing up at 9 pm and I was now throwing up blood. I went to the ER and when I finally got in they put me on an IV to hydrate me. They then added Imitrex to the bag and I soon started feeling side effects. My head felt like I was going to pass out. My breathing became labored and it felt like someone was sitting on my chest. They said that meant it was working. After about two minutes everything was gone. I got pills to take at home and they worked okay. Not as fast.""",8,2012-10-16,6,at first i suffered through them this included splitting head pain nausea and vomiting i started using excedrin after a while which helped if i took it right away then that started to not work so well anymore i had one really bad one that lasted hours i was still throwing up at 9 pm and i was now throwing up blood i went to the er and when i finally got in they put me on an iv to hydrate me they then added imitrex to the bag and i soon started feeling side effects my head felt like i was going to pass out my breathing became labored and it felt like someone was sitting on my chest they said that meant it was working after about two minutes everything was gone i got pills to take at home and they worked okay not as fast,Positive,0,Imitrex
51452,Azithromycin,,"""Very good response. It is so useful for me. """,10,2010-08-18,1,very good response it is so useful for me,Positive,0,Azithromycin
96233,Sertraline,Depression,"""1 week on Zoloft for anxiety and mood swings. I take 50mg in the mornings with my breakfast. Nausea on day one  but that subsided as the week went on.  I get the jitters about 2 hrs after taking it followed by yawning. I feel much better though and less angry/stressed.""",8,2011-05-07,3,1 week on zoloft for anxiety and mood swings i take 50mg in the mornings with my breakfast nausea on day one but that subsided as the week went on i get the jitters about 2 hrs after taking it followed by yawning i feel much better though and less angry stressed,Positive,0,Sertraline
204999,Toradol,Pain,"""I am 30 years old. I had a multiple composite spinal injuries 15 years ago. The aches and pains unbearable. I started taking anti-inflammatories about 2 years ago. I started getting injections every month of Toradol and &quot;Depo&quot; something. I am almost off all pain meds I mean I still have bad days but I can function again.""",10,2013-02-11,16,i am 30 years old i had a multiple composite spinal injuries 15 years ago the aches and pains unbearable i started taking anti inflammatories about 2 years ago i started getting injections every month of toradol and quot depo quot something i am almost off all pain meds i mean i still have bad days but i can function again,Positive,0,Toradol
214453,Tioconazole,Vaginal Yeast Infection,"""The burning is out of control about 20 minutes after inserting it . Sat in the bath trying to get this stuff out . This is awful""",1,2015-09-11,2,the burning is out of control about 20 minutes after inserting it sat in the bath trying to get this stuff out this is awful,Negative,0,Tioconazole
71188,Viberzi,Irritable Bowel Syndrome,"""Have been taking Viberzi for a month now for IBS-D and I can&#039;t be happier. I have ZERO side effects. Thank you for making me normal again!!!!!!""",8,2016-07-05,15,have been taking viberzi for a month now for ibs d and i can t be happier i have zero side effects thank you for making me normal again,Positive,0,Viberzi
80520,Mobic,Osteoarthritis,"""Reduced my pain by 80% and lets me live a normal life again!""",10,2015-05-13,82,reduced my pain by 80 and lets me live a normal life again,Positive,0,Mobic
125343,Dulcolax,Constipation,"""SO MUCH PAIN! 
In the last 2 years I have suffered with a brain tumour so have been in a LOT of pain to the point of morphine everyday for a year. Then I had brain surgery...but the pain from this pill came pretty close!! In serious pain to the point of blacking out hot and cold shivers and just sat in pain feeling like trapped wind/indigestion it&#039;s just.. Ahhhh!!!! Don&#039;t take this!!!""",1,2016-02-13,10,so much pain in the last 2 years i have suffered with a brain tumour so have been in a lot of pain to the point of morphine everyday for a year then i had brain surgery but the pain from this pill came pretty close in serious pain to the point of blacking out hot and cold shivers and just sat in pain feeling like trapped wind indigestion it s just ahhhh don t take this,Negative,0,Dulcolax
93678,Morphine,Pain,"""I have been on morphine for at least 7 years..It is the only medicine that seems to manage my pain. Without it I would be in bed 90% of the time. With it I can have a life.""",8,2010-05-08,19,i have been on morphine for at least 7 years it is the only medicine that seems to manage my pain without it i would be in bed 90 of the time with it i can have a life,Positive,0,Morphine
60678,MoviPrep,Bowel Preparation,"""I have taken this at least 5-6 times for the last 10 years. I have had major problems with it since the first time. Causing me MAJOR FATIGUE. The last time I took it was 3 year&#039;s ago and I had very severe cramps and not having enough time to get to the bathroom. I went to the hospital and the doctor said it didn&#039;t work good enough so he had me go home and do a second round. I went back the next day and did the process with no energy. I had to do it last night and it was even worse than the other times. I was gagging it down and up all night with severe cramps. I tried the second dose in the morning and I just about started throwing up so I called the office and they said to stop. Once the doctor was done he said it didn&#039;t evacuate enough""",2,2017-06-29,0,i have taken this at least 5 6 times for the last 10 years i have had major problems with it since the first time causing me major fatigue the last time i took it was 3 year s ago and i had very severe cramps and not having enough time to get to the bathroom i went to the hospital and the doctor said it didn t work good enough so he had me go home and do a second round i went back the next day and did the process with no energy i had to do it last night and it was even worse than the other times i was gagging it down and up all night with severe cramps i tried the second dose in the morning and i just about started throwing up so i called the office and they said to stop once the doctor was done he said it didn t evacuate enough,Negative,0,MoviPrep
206444,Trilafon,Psychosis,"""I had a similar experience.  Tremors in hands (not really noticeable to someone watching unless they were looking for it), but relief from the delusions I was experiencing. My problem has been going on for over 16 years so I anticipate it will not magically disappear (and it didn&#039;t) but the clarity of thinking I experience with this medicine really helps me.""",9,2011-05-23,45,i had a similar experience tremors in hands not really noticeable to someone watching unless they were looking for it but relief from the delusions i was experiencing my problem has been going on for over 16 years so i anticipate it will not magically disappear and it didn t but the clarity of thinking i experience with this medicine really helps me,Positive,0,OTHER_NICHE_DRUGS
221934,Fluconazole,Vaginal Yeast Infection,"""I am very prone to yeast infections, I believe it&#039;s due to my birth control as well as having unprotected sex. Fluconazole has always cleared up my yeast infections with 2 doses. No side effects.""",8,2017-04-24,9,i am very prone to yeast infections i believe it s due to my birth control as well as having unprotected sex fluconazole has always cleared up my yeast infections with 2 doses no side effects,Positive,0,Fluconazole
39795,Contrave,Obesity,"""I am just finishing my second week taking Contrave and have lost 10 lbs. It has been an interesting experience because the drug is definitely not an appetite suppressant, yet it does help you control the urge to eat. I have had mild side effects - some stomach discomfort and slight headaches along with constipation, but it has all been easily manageable. If you are considering taking this medication please keep in mind that you still need to do the work by exercising and eating right, but the medication really does help. It has helped me get my motivation back to exercise, and it definitely helps with cravings to eat making it easy to just eat what I need to be healthy. Use the coupon they give you, it drops cost to $70""",8,2015-11-04,9,i am just finishing my second week taking contrave and have lost 10 lbs it has been an interesting experience because the drug is definitely not an appetite suppressant yet it does help you control the urge to eat i have had mild side effects some stomach discomfort and slight headaches along with constipation but it has all been easily manageable if you are considering taking this medication please keep in mind that you still need to do the work by exercising and eating right but the medication really does help it has helped me get my motivation back to exercise and it definitely helps with cravings to eat making it easy to just eat what i need to be healthy use the coupon they give you it drops cost to 70,Positive,0,Contrave
173398,Clonazepam,Panic Disorde,"""This medication changed my life.  My panic attacks were so out of control I was barely able to leave the house.  Within 2 days, a moderate does of this changed me into a new person.  That was 15 years ago.  My dosage has never changed.""",9,2008-04-01,30,this medication changed my life my panic attacks were so out of control i was barely able to leave the house within 2 days a moderate does of this changed me into a new person that was 15 years ago my dosage has never changed,Positive,0,Clonazepam
12056,Metaxalone,Muscle Spasm,"""I have been taking this medicine due to lower back trouble.  When I first took it, it worked great, now all it does is put me to sleep.""",5,2014-06-04,55,i have been taking this medicine due to lower back trouble when i first took it it worked great now all it does is put me to sleep,Neutral,0,Metaxalone
121333,Venlafaxine,Depression,"""my gp started me on Venlafaxine yesterday to help with depression and the change,a hour after taking them i was feeling very sick couldn,t stomach food or fluids, thought keep it up as she told me they did come with some side effects which would get better,took another one last night and was so ill i couldn,t stand ,being sick sweating shaking thought i was going to pass out. Did get some sleep hopeing to feel better this morning,took another one and felt so spaced out dry mouth shaking ,sick, so booked in to see gp again to make sure i should be feeling like this, only to find out she had put me on the wrong dose should have been on 37.5mg was put on 150mg, now on right dose hope this will be better""",4,2016-04-27,3,my gp started me on venlafaxine yesterday to help with depression and the change a hour after taking them i was feeling very sick couldn t stomach food or fluids thought keep it up as she told me they did come with some side effects which would get better took another one last night and was so ill i couldn t stand being sick sweating shaking thought i was going to pass out did get some sleep hopeing to feel better this morning took another one and felt so spaced out dry mouth shaking sick so booked in to see gp again to make sure i should be feeling like this only to find out she had put me on the wrong dose should have been on 37 5mg was put on 150mg now on right dose hope this will be better,Neutral,0,Venlafaxine
111409,Ledipasvir / sofosbuvir,Hepatitis C,"""At initial testing my VL was over 6 million. I received my meds on saturday 2 days prior to testing to establish a baseline. I started when I received my pills. 2 days and 5 hours later I got my blood test to establish VL, I had taken 3 pills at this point and my VL was under 700.  VL @ 4 weeks was 0 . VL @ 8 weeks was 0 and @ 12 weeks was 0 .  2 weeks til my 1st EOT test. I feel cured. My side effects were next to nothing.""",10,2015-09-22,0,at initial testing my vl was over 6 million i received my meds on saturday 2 days prior to testing to establish a baseline i started when i received my pills 2 days and 5 hours later i got my blood test to establish vl i had taken 3 pills at this point and my vl was under 700 vl 4 weeks was 0 vl 8 weeks was 0 and 12 weeks was 0 2 weeks til my 1st eot test i feel cured my side effects were next to nothing,Positive,0,Ledipasvir / sofosbuvir
111474,Ledipasvir / sofosbuvir,Hepatitis C,"""Side effects are light- fatigue and a bit of a headache. I did find it easier to take it an hour after dinner.  WAY better then the triple-threat approach.  My blood work does indicate that I am in the beggining stages of cirrhosis. I also had Hep B in 1994. 

So far, it&#039;s like a miracle.  Other than the fatigue (which is nothing if you&#039;ve suffered Jaundice or the &#039;Sickie&#039; symptoms that Hep C can cause), it&#039;s business as usual.""",9,2014-12-31,94,side effects are light fatigue and a bit of a headache i did find it easier to take it an hour after dinner way better then the triple threat approach my blood work does indicate that i am in the beggining stages of cirrhosis i also had hep b in 1994 so far it s like a miracle other than the fatigue which is nothing if you ve suffered jaundice or the sickie symptoms that hep c can cause it s business as usual,Positive,0,Ledipasvir / sofosbuvir
188061,Symbyax,Bipolar Disorde,"""Helps against sadness, and strongly counters moderate urges to drink at a stressful, confusing time in my life.""",8,2010-10-17,22,helps against sadness and strongly counters moderate urges to drink at a stressful confusing time in my life,Positive,0,Symbyax
146502,Tamsulosin,Overactive Bladde,"""24 Year Old, Male, UK ,Normally I would go every hour, even when drinking very small amounts of water or drinks.

I took this medication for only two weeks, I noticed right away I would go less often to the toilet, and it was much easier to dispense the urine. 

Unfortunately I had to stop taking this as the medications side effects outweighed the benefits. I found that I would have incredibly intense mood swings, aggression, feel clumsy and dizzy all the time. Blurry vision. Memory problems or mind blanks. runny nose, weakness, tiredness.

I am now trying Betmiga.. lets see""",4,2017-01-03,10,24 year old male uk normally i would go every hour even when drinking very small amounts of water or drinks i took this medication for only two weeks i noticed right away i would go less often to the toilet and it was much easier to dispense the urine unfortunately i had to stop taking this as the medications side effects outweighed the benefits i found that i would have incredibly intense mood swings aggression feel clumsy and dizzy all the time blurry vision memory problems or mind blanks runny nose weakness tiredness i am now trying betmiga lets see,Neutral,0,Tamsulosin
153093,Doxycycline,Urinary Tract Infection,"""I battled a nasty UTI for over a month &amp; went through 3 different antibiotics till my doctor finally gave me this one. Makes you terribly sick to your stomach but in the end is completely worth it!! Felt completely back to normal in 2 days!!""",7,2016-07-06,44,i battled a nasty uti for over a month went through 3 different antibiotics till my doctor finally gave me this one makes you terribly sick to your stomach but in the end is completely worth it felt completely back to normal in 2 days,Positive,0,Doxycycline
156544,Dulaglutide,"Diabetes, Type 2","""Hey Guys,  It&#039;s been 4 months since my last post as I wanted to give it a few months to see how this was going to work.  So, I have been on Trulicity for six months now with Metformin.  When I hit the five month period the diarrhea, gas, sulphur belching finally subsided.  I now longer have any of those side effects.  However, I still haven&#039;t lost any weight at all, but I think that was because when I first started Trulicity I was taking it with Glimepiride and that one has a side effect of weight gain so I think the two meds were fighting each other lol.  I have been back on the Metformin with Trulicity for about a week now, so we will see what this does.  I was diagnosed as  stage 3 chronic kidney disease (CKD 3) so I am watching diet closely.""",10,2017-10-24,24,hey guys it s been 4 months since my last post as i wanted to give it a few months to see how this was going to work so i have been on trulicity for six months now with metformin when i hit the five month period the diarrhea gas sulphur belching finally subsided i now longer have any of those side effects however i still haven t lost any weight at all but i think that was because when i first started trulicity i was taking it with glimepiride and that one has a side effect of weight gain so i think the two meds were fighting each other lol i have been back on the metformin with trulicity for about a week now so we will see what this does i was diagnosed as stage 3 chronic kidney disease ckd 3 so i am watching diet closely,Positive,0,Dulaglutide
135645,Intuniv,ADHD,"""Intuniv did not work for my son; he was bouncing off the walls while he was taking it, and having major issues in class! It seems to work the opposite on him!""",1,2011-07-21,23,intuniv did not work for my son he was bouncing off the walls while he was taking it and having major issues in class it seems to work the opposite on him,Negative,0,Intuniv
69629,Buprenorphine,Pain,"""My pain management doctor put me on Butrans patches about 6 weeks ago 5 mg dose. The first box of four was a lifesaver. No more agony at work. Able to sleep. Did more in two weekends than I had in two years. I&#039;m hoping to bump up to the ten mg dose soon to cut down on my Norco. I have had chronic pain for many years and have been through many medicines including Oxycontin. This patch is the best so far.""",8,2011-06-24,125,my pain management doctor put me on butrans patches about 6 weeks ago 5 mg dose the first box of four was a lifesaver no more agony at work able to sleep did more in two weekends than i had in two years i m hoping to bump up to the ten mg dose soon to cut down on my norco i have had chronic pain for many years and have been through many medicines including oxycontin this patch is the best so far,Positive,0,Buprenorphine
96906,Qvar,"Asthma, Maintenance","""I got heart palpitations, really bad - like almost constant. I was taking the 40 mcg one puff twice a day. I switched to flovemt and all is well.""",1,2015-11-15,16,i got heart palpitations really bad like almost constant i was taking the 40 mcg one puff twice a day i switched to flovemt and all is well,Negative,0,Qvar
215018,Opdivo,Non-Small Cell Lung Cance,"""My mother died from lung cancer. Her last hope of this medication. Within a couple months she was gone""",1,2017-03-02,6,my mother died from lung cancer her last hope of this medication within a couple months she was gone,Negative,1,Opdivo
102449,Aripiprazole,Schizophrenia,"""Abilify 20 mg.
I am a patient diagnosed with disorganized schizophrenia, depression,  schizoaffective disorder, bipolar.  I have experienced a sensitivity to my emotions, as well as how I react to my feelings.  I really don&#039;t feel out of the normal with any &quot;sexual frustration&quot;...and I wouldn&#039;t say this has increased/decreased.  I feel less anxious on the medication, and seemingly more at ease with myself when I take this medication.  It is a hard step to have people telling you that you actually do better on this pill, when half your life ago, you didn&#039;t have &quot;mental illness&quot;, and suddenly you become someone else.   My weight did fluxuate when on this drug.  But I feel it was due to stress factors outside of a regular environment.  I feel if you place yourself in good surroundings and support you do much better at being the person you are here to be.  I am so much happier in life with a routine.  I feel like I only referred to enlongated periods of sleep because of depression, and events surrounding certain time frames hence thoughts, and reactions.
Abilify (aripiprazole) My instant reaction from this drug is concern for my well-being.  I am nervous because I am one of the people taking this drug till the stars fade, every day to my last.  My doctors all seem to say the same thing, and that is, &quot;This medication is working for you&quot;.  I do blood tests when I go into the Hospital freqently, and they are not finding anything off the charts and everything is always normal with my vitals. 
My thought is, how do they consider this medication works for me?  Because I am not showing side effects?  Because I am accepting?  I feel I have to hold patience, my own value, what I care about around me to help better myself mentally and my virtue.  I feel that I am just not the type of person to curbside answers to things we wonder deeply about, I guess.  
I don&#039;t know if there are any people who would agree then that I should ask if there are any women who have taken abilify during a pregnancy?  Just wondering what the reaction is...  Is my question?  I am a 30 year old female diagnosed with Mental Illness starting in 2004.  I started to take Abilify 20 mg. in 2004 to present.  Overall, since this medication has not been threatening to me, I feel I should embrace it.""",10,2016-09-25,26,abilify 20 mg i am a patient diagnosed with disorganized schizophrenia depression schizoaffective disorder bipolar i have experienced a sensitivity to my emotions as well as how i react to my feelings i really don t feel out of the normal with any quot sexual frustration quot and i wouldn t say this has increased decreased i feel less anxious on the medication and seemingly more at ease with myself when i take this medication it is a hard step to have people telling you that you actually do better on this pill when half your life ago you didn t have quot mental illness quot and suddenly you become someone else my weight did fluxuate when on this drug but i feel it was due to stress factors outside of a regular environment i feel if you place yourself in good surroundings and support you do much better at being the person you are here to be i am so much happier in life with a routine i feel like i only referred to enlongated periods of sleep because of depression and events surrounding certain time frames hence thoughts and reactions abilify aripiprazole my instant reaction from this drug is concern for my well being i am nervous because i am one of the people taking this drug till the stars fade every day to my last my doctors all seem to say the same thing and that is quot this medication is working for you quot i do blood tests when i go into the hospital freqently and they are not finding anything off the charts and everything is always normal with my vitals my thought is how do they consider this medication works for me because i am not showing side effects because i am accepting i feel i have to hold patience my own value what i care about around me to help better myself mentally and my virtue i feel that i am just not the type of person to curbside answers to things we wonder deeply about i guess i don t know if there are any people who would agree then that i should ask if there are any women who have taken abilify during a pregnancy just wondering what the reaction is is my question i am a 30 year old female diagnosed with mental illness starting in 2004 i started to take abilify 20 mg in 2004 to present overall since this medication has not been threatening to me i feel i should embrace it,Positive,0,Aripiprazole
60455,Pyridium,Dysuria,"""I&#039;ve been having UTIs for 7 years, my most recent one has lasted 24 days so far. Because of this I went to the doctor and they prescribed me pyridium twice a day. I was very hopeful but unfortunately it didn&#039;t work. The burning while urinating is still there and I&#039;ve been on it for three days so far. Also discomfort all hours of the day down there. It may work well for others but my body doesn&#039;t accept it, it did nothing. Going to the doctor was useless, go straight to the urologist""",1,2016-10-13,8,i ve been having utis for 7 years my most recent one has lasted 24 days so far because of this i went to the doctor and they prescribed me pyridium twice a day i was very hopeful but unfortunately it didn t work the burning while urinating is still there and i ve been on it for three days so far also discomfort all hours of the day down there it may work well for others but my body doesn t accept it it did nothing going to the doctor was useless go straight to the urologist,Negative,0,Pyridium
87285,Latuda,Bipolar Disorde,"""I have had great experience so far with Latuda. I started taking 40 mg in Nov., and it worked great for about a week, then I crashed again. Dr. put it up to 80 mg and I&#039;ve been great ever since. I&#039;m afraid, though, because my sex drive has completely disappeared, and if it&#039;s the Latuda, I&#039;m going to have to go off it-and I hate to go off something that&#039;s working so well. However, I&#039;m also on a pretty high dose of Lexapro, and the Dr. thinks it&#039;s more likely to be a side effect of that, so we&#039;re decreasing that and hopefully that will work, because otherwise I&#039;m feeling really good. I&#039;m really afraid I&#039;ll have to go off it.""",8,2012-02-20,39,i have had great experience so far with latuda i started taking 40 mg in nov and it worked great for about a week then i crashed again dr put it up to 80 mg and i ve been great ever since i m afraid though because my sex drive has completely disappeared and if it s the latuda i m going to have to go off it and i hate to go off something that s working so well however i m also on a pretty high dose of lexapro and the dr thinks it s more likely to be a side effect of that so we re decreasing that and hopefully that will work because otherwise i m feeling really good i m really afraid i ll have to go off it,Positive,0,Latuda
225508,Bupropion,Smoking Cessation,"""Love this, no mouth sores, or ulcers like Wellbutrin gave me. I COMPLETELY QUIT SMOKING...this works.""",10,2014-08-22,15,love this no mouth sores or ulcers like wellbutrin gave me i completely quit smoking this works,Positive,0,Bupropion
106703,Implanon,Birth Control,"""Never again! After being on depo I was suppose to b an ideal candidate the first 6 months was ok bit moody but fine no weight gain but then something changed I was constantly bleeding and getting horrible hormone spots I normally have clear skin mood swings were increasing. After 14 months I decided to have it taken out and that was an ordeal they can b very tricky for the doc remove. So 3 anesthetics and a few stitches later its out. It&#039;s simply not worth the hassle""",2,2015-08-20,1,never again after being on depo i was suppose to b an ideal candidate the first 6 months was ok bit moody but fine no weight gain but then something changed i was constantly bleeding and getting horrible hormone spots i normally have clear skin mood swings were increasing after 14 months i decided to have it taken out and that was an ordeal they can b very tricky for the doc remove so 3 anesthetics and a few stitches later its out it s simply not worth the hassle,Negative,0,Implanon
131704,Effexor XR,Anxiety,"""Was on this med for 5 years. Worked fine but not great. Stopped the panic attacks and gave me relief of every day nervousness that I was experiencing. Took months for the side effects to diminish when I first started taking it. What did not leave - insomnia, night sweats, lack of sex drive and poor orgasms (or no orgasms at all).""",6,2016-12-27,23,was on this med for 5 years worked fine but not great stopped the panic attacks and gave me relief of every day nervousness that i was experiencing took months for the side effects to diminish when i first started taking it what did not leave insomnia night sweats lack of sex drive and poor orgasms or no orgasms at all,Neutral,0,Effexor XR
192806,Drospirenone / ethinyl estradiol,Birth Control,"""I was put on Yasmin for 6 months to regulate my cycle and reduce acne flare-ups and it was the worst 6 months of my life. I gained 20lbs that did NOT come off easily after stopping the pill, experienced horrible mood swings, had HEAVIER periods, acne breakouts, breakthrough bleeding, and I was nauseous all the time. This pill seems to agree with most people but it definitely did not agree with me. I went on Femcon a year after stopping Yasmin and experienced virtually no side effects.""",3,2011-04-11,8,i was put on yasmin for 6 months to regulate my cycle and reduce acne flare ups and it was the worst 6 months of my life i gained 20lbs that did not come off easily after stopping the pill experienced horrible mood swings had heavier periods acne breakouts breakthrough bleeding and i was nauseous all the time this pill seems to agree with most people but it definitely did not agree with me i went on femcon a year after stopping yasmin and experienced virtually no side effects,Negative,0,Drospirenone / ethinyl estradiol
69488,Buprenorphine,Pain,"""I love my Butrans patch!!! And it has relieved more than half of my pain, and I know this because I only have to take less than half of my pain killers now that I am on the patch! I change my patch every Saturday, but if I miss 24 hours my pain starts to reside again. If you are not a heavy drinker I would advise trying this patch!!!""",10,2015-08-06,47,i love my butrans patch and it has relieved more than half of my pain and i know this because i only have to take less than half of my pain killers now that i am on the patch i change my patch every saturday but if i miss 24 hours my pain starts to reside again if you are not a heavy drinker i would advise trying this patch,Positive,0,Buprenorphine
107449,Implanon,Birth Control,"""I have been on this for 8 months and sad to say it&#039;s caused nothing but my self esteem to become lower. I&#039;ve gained 10 lbs out of no where. I&#039;m only 22 and have a fast metabolism. I thought it started to slow down but it didn&#039;t make sense. My breasts got smaller, I have lost complete sex drive, my breasts aren&#039;t sensitive anymore at all like they used to be and I&#039;m so emotional, even crying at times. The only thing I can say is that it is 100% effective but not worth what it has done to my body. Not only that but I started breaking out on my body and on my face as well.""",1,2011-09-01,2,i have been on this for 8 months and sad to say it s caused nothing but my self esteem to become lower i ve gained 10 lbs out of no where i m only 22 and have a fast metabolism i thought it started to slow down but it didn t make sense my breasts got smaller i have lost complete sex drive my breasts aren t sensitive anymore at all like they used to be and i m so emotional even crying at times the only thing i can say is that it is 100 effective but not worth what it has done to my body not only that but i started breaking out on my body and on my face as well,Negative,0,Implanon
60156,NuvaRing,Birth Control,"""I was off birth control for a while considering getting pregnant. I had used other types of birth control before, the pill, the patch, etc. I decided to get back on birth control but didn&#039;t want to worry about taking a daily pill so I requested the Nuvaring. When I started the Nuvaring I felt it inside my body and had a lot of cramps. A few days later I started experiencing more cramps and very strong upper stomach pain. They were so bad I missed work for a week. Finally I ended up going to the ER and they couldn&#039;t figure out what was wrong. I finally asked the doctor and it was the Nuvaring side effects.""",5,2013-04-18,9,i was off birth control for a while considering getting pregnant i had used other types of birth control before the pill the patch etc i decided to get back on birth control but didn t want to worry about taking a daily pill so i requested the nuvaring when i started the nuvaring i felt it inside my body and had a lot of cramps a few days later i started experiencing more cramps and very strong upper stomach pain they were so bad i missed work for a week finally i ended up going to the er and they couldn t figure out what was wrong i finally asked the doctor and it was the nuvaring side effects,Neutral,0,NuvaRing
88659,Prepopik,Bowel Preparation,"""I took the Prepopik for my first colonoscopy (I&#039;m 25) and I found it to be very effective. The orange flavor was very tolerable. I had no bad cramps or terrible side effects with it, but I had taken magnesium citrate the night before and that had already cleaned me out somewhat. My only issue was I ended up so dehydrated that I showed up to my colonoscopy with a fever. Try to drink as much fluid as you can with this prep! I drank plenty, but there was more liquid coming out of me than going in. Overall, I would recommend the Prepopik. On a side note, my insurance didn&#039;t cover it, but the office I go to had it available. I recommend asking your office if they have it available if insurance won&#039;t cover it at the pharmacy.""",9,2015-03-14,6,i took the prepopik for my first colonoscopy i m 25 and i found it to be very effective the orange flavor was very tolerable i had no bad cramps or terrible side effects with it but i had taken magnesium citrate the night before and that had already cleaned me out somewhat my only issue was i ended up so dehydrated that i showed up to my colonoscopy with a fever try to drink as much fluid as you can with this prep i drank plenty but there was more liquid coming out of me than going in overall i would recommend the prepopik on a side note my insurance didn t cover it but the office i go to had it available i recommend asking your office if they have it available if insurance won t cover it at the pharmacy,Positive,0,Prepopik
24139,Tretinoin,Acne,"""I just hit my three month point on tretinoin .05% and I&#039;m so happy. I was really  depressed about my skin during the first two months because I&#039;ve never had bad acne and the cream made me have horrible acne. But I knew that was the worst part of it and after that was over I would be fine. I&#039;ve inly had two zits since then and I&#039;m only left with scars which is fine. Try it out even if you&#039;re scared because I was too and I&#039;m so glad i did. It&#039;s worth it!""",10,2015-11-04,13,i just hit my three month point on tretinoin 05 and i m so happy i was really depressed about my skin during the first two months because i ve never had bad acne and the cream made me have horrible acne but i knew that was the worst part of it and after that was over i would be fine i ve inly had two zits since then and i m only left with scars which is fine try it out even if you re scared because i was too and i m so glad i did it s worth it,Positive,0,Tretinoin
131909,Effexor XR,Depression,"""This medicine saved my life. I was at my wits end with anti-depressants and was ready to give up. My doctor finally prescribed me this after many failed medications, I am so glad she did. I honestly do not know where I would be without Effexor XR. Side effects were very mild compared to other anti-depressants I tried. I was drowsy for the first couple days, but it was tolerable. I highly recommend this for severe depression. I would also like to mention for people to realize there is light at the end of the tunnel and YOU WILL GET BETTER, and to never give up.""",10,2013-06-20,166,this medicine saved my life i was at my wits end with anti depressants and was ready to give up my doctor finally prescribed me this after many failed medications i am so glad she did i honestly do not know where i would be without effexor xr side effects were very mild compared to other anti depressants i tried i was drowsy for the first couple days but it was tolerable i highly recommend this for severe depression i would also like to mention for people to realize there is light at the end of the tunnel and you will get better and to never give up,Positive,0,Effexor XR
202903,Gildess Fe 1 / 20,Birth Control,"""it caused me to gain 30 pounds""",2,2016-09-21,2,it caused me to gain 30 pounds,Negative,0,Gildess Fe 1 / 20
85162,Ethinyl estradiol / norgestimate,Acne,"""Best treatment for acne I have used! I&#039;ve gone through accutane, many face washes, retinol creams, and other forms of birth control. Some other forms of birth control just make acne worse, depending on the type of progestin in it. You need the least androgenic type possible, and sprintec has worked the best for me! Nearly clear skin. Takes about 5-6 months to fully work, but it does work.""",9,2015-11-03,7,best treatment for acne i have used i ve gone through accutane many face washes retinol creams and other forms of birth control some other forms of birth control just make acne worse depending on the type of progestin in it you need the least androgenic type possible and sprintec has worked the best for me nearly clear skin takes about 5 6 months to fully work but it does work,Positive,0,Ethinyl estradiol / norgestimate
12559,Elbasvir / grazoprevir,Hepatitis C,"""I started taking Zepatier three days ago! No sides effects till now! I would like to share only this that I feel a slight pain in the back of the head. That&#039;s all for now! I&#039;ll keep my fingers crossed till I finish in 12 weeks! :)
Update: Now, I&#039;ve finish my 3rd week of the treatment! No sides effects, even my blood test is brilliant! I&#039;ll inform you when I finish my 8 week!Update:
Incredible!!!!!!!!!!! On my 31st day, the virus is undetectable! Before start taking Zepatier I had 4.796.191 viral load, now the results are negative! No side effects! Zepatier is working very well! Thank you Zepatier!""",10,2017-10-05,8,i started taking zepatier three days ago no sides effects till now i would like to share only this that i feel a slight pain in the back of the head that s all for now i ll keep my fingers crossed till i finish in 12 weeks update now i ve finish my 3rd week of the treatment no sides effects even my blood test is brilliant i ll inform you when i finish my 8 week update incredible on my 31st day the virus is undetectable before start taking zepatier i had 4 796 191 viral load now the results are negative no side effects zepatier is working very well thank you zepatier,Positive,0,Elbasvir / grazoprevir
83734,Clomiphene,emale Infertility,"""I took Clomid for the first time last month. My husband and I tried for a year. I have a blocked Fallopian tube. I had to use estrogen medicine also because my uterine lining was too thin. Then my doctor had me use HCG shot to stimulate ovulation since Clomid can apparently mess up if/when ovulation occurs. I took the HCG shot over 2 weeks ago. I noticed some weird symptoms a few days ago and I just took multiple pregnancy tests. And I&#039;m pregnant! So Clomid worked great for me so far. Yay!""",10,2016-06-01,74,i took clomid for the first time last month my husband and i tried for a year i have a blocked fallopian tube i had to use estrogen medicine also because my uterine lining was too thin then my doctor had me use hcg shot to stimulate ovulation since clomid can apparently mess up if when ovulation occurs i took the hcg shot over 2 weeks ago i noticed some weird symptoms a few days ago and i just took multiple pregnancy tests and i m pregnant so clomid worked great for me so far yay,Positive,0,Clomiphene
168378,Docusate / senna,"Constipation, Acute","""I am a 52 year old women.I was bloating a lot from not pooping..Alls good now....""",8,2015-11-14,3,i am a 52 year old women i was bloating a lot from not pooping alls good now,Positive,0,OTHER_NICHE_DRUGS
172031,Amitiza,"Constipation, Drug Induced","""I had a tummy tuck on Dec 18. The surgery was painful but the constipation from opioids from the surgery was just as bad. My plastic surgeon wasn&#039;t familiar with treating OIC so I called my primary care physician. She gave me Amitiza 24mcg. It took almost two days but it was amazing and I was so thankful. I had to remain on opioids for three weeks and the Amitiza worked so well I haven&#039;t had any issues!! Thank you Amitiza!!!""",10,2016-01-12,35,i had a tummy tuck on dec 18 the surgery was painful but the constipation from opioids from the surgery was just as bad my plastic surgeon wasn t familiar with treating oic so i called my primary care physician she gave me amitiza 24mcg it took almost two days but it was amazing and i was so thankful i had to remain on opioids for three weeks and the amitiza worked so well i haven t had any issues thank you amitiza,Positive,0,Amitiza
144224,Etonogestrel,Birth Control,"""My experience during the nexplon is great not a pregnancy yet.  My only issue is it causes me too much bleeding. I get my periods from every other week up to 1 month up to 3 month . And it ruins My sex life""",10,2016-05-27,1,my experience during the nexplon is great not a pregnancy yet my only issue is it causes me too much bleeding i get my periods from every other week up to 1 month up to 3 month and it ruins my sex life,Positive,0,Etonogestrel
109866,Nexplanon,Birth Control,"""I&#039;ve had mine for over a year and noticed the weight gain, mood swings, but no acne. My body adjusted quick and I lost the weight. The only issue I&#039;ve had is every time my boyfriend and I have sex, I spot the next day for less than a week. Other than those issues I love it and recommend it to all of my friends!""",6,2016-06-19,1,i ve had mine for over a year and noticed the weight gain mood swings but no acne my body adjusted quick and i lost the weight the only issue i ve had is every time my boyfriend and i have sex i spot the next day for less than a week other than those issues i love it and recommend it to all of my friends,Neutral,0,Nexplanon
216434,Sildenafil,Erectile Dysfunction,"""Awesome!  My new boyfriend has a few issues; I believe it is all mental because of the bad relationships in the past.  He ordered this and then was prescribed this.  I told him he will go broke and he said it is sooooo worth it.  I orgasm every time, sometimes twice, and he does too.  Wow.""",10,2015-10-14,14,awesome my new boyfriend has a few issues i believe it is all mental because of the bad relationships in the past he ordered this and then was prescribed this i told him he will go broke and he said it is sooooo worth it i orgasm every time sometimes twice and he does too wow,Positive,0,Sildenafil
